AfdId,SelId,Lejemaalstype,Lejlighedstype,Rum,AntalPaaVenteliste
1,1,Familieboliger,Lejlighed,2,3205
1,1,Familieboliger,Lejlighed,3,3409
2,1,Familieboliger,Rækkehus,4,5866
3,1,Familieboliger,Lejlighed,1,2606
3,1,Familieboliger,Lejlighed,2,3894
3,1,Familieboliger,Lejlighed,3,3021
3,1,Familieboliger,Lejlighed,4,2046
4,1,Familieboliger,Lejlighed,1,3181
4,1,Familieboliger,Lejlighed,2,3827
4,1,Familieboliger,Lejlighed,3,11636
4,1,Familieboliger,Lejlighed,4,3194
5,1,Familieboliger,Lejlighed,1,3540
5,1,Familieboliger,Lejlighed,2,3430
5,1,Familieboliger,Lejlighed,3,2941
5,1,Familieboliger,Lejlighed,4,2238
6,1,Familieboliger,Rækkehus,2,3457
6,1,Familieboliger,Rækkehus,3,5437
6,1,Familieboliger,Rækkehus,4,11378
7,1,Familieboliger,Lejlighed,2,4085
7,1,Familieboliger,Lejlighed,3,11266
7,1,Familieboliger,Lejlighed,4,3275
8,1,Familieboliger,Lejlighed,1,1329
8,1,Familieboliger,Lejlighed,2,2560
8,1,Familieboliger,Lejlighed,3,1961
9,1,Familieboliger,Lejlighed,3,4096
9,1,Familieboliger,Lejlighed,4,3334
10,1,Familieboliger,Rækkehus,4,5945
11,1,Familieboliger,Lejlighed,1,5948
11,1,Familieboliger,Lejlighed,2,7718
11,1,Familieboliger,Lejlighed,3,6410
11,1,Familieboliger,Lejlighed,4,4956
12,1,Familieboliger,Lejlighed,2,2237
12,1,Familieboliger,Lejlighed,3,2166
12,1,Familieboliger,Lejlighed,4,1563
13,1,Familieboliger,Lejlighed,1,2400
13,1,Familieboliger,Lejlighed,2,10383
13,1,Familieboliger,Lejlighed,3,6164
13,1,Familieboliger,Lejlighed,4,1978
14,1,Familieboliger,Lejlighed,1,4198
14,1,Familieboliger,Lejlighed,2,4196
14,1,Familieboliger,Lejlighed,3,3903
15,1,Familieboliger,Lejlighed,1,3288
15,1,Familieboliger,Lejlighed,2,8796
15,1,Familieboliger,Lejlighed,3,3367
15,1,Familieboliger,Lejlighed,4,2175
16,1,Familieboliger,Lejlighed,1,1827
16,1,Familieboliger,Lejlighed,2,10179
16,1,Familieboliger,Lejlighed,3,9189
16,1,Familieboliger,Lejlighed,4,1538
17,1,Familieboliger,Lejlighed,1,1570
17,1,Familieboliger,Lejlighed,2,1923
17,1,Familieboliger,Lejlighed,3,6063
17,1,Familieboliger,Lejlighed,4,3022
18,1,Familieboliger,Lejlighed,3,9414
18,1,Familieboliger,Lejlighed,4,3554
18,1,Familieboliger,Lejlighed,5,1969
19,1,Familieboliger,Lejlighed,1,2432
19,1,Familieboliger,Lejlighed,2,2609
19,1,Familieboliger,Lejlighed,3,2505
19,1,Familieboliger,Lejlighed,4,1503
20,1,Familieboliger,Lejlighed,1,2617
20,1,Familieboliger,Lejlighed,2,2738
20,1,Familieboliger,Lejlighed,3,3044
20,1,Familieboliger,Lejlighed,4,2260
21,1,Familieboliger,Lejlighed,3,4992
21,1,Familieboliger,Lejlighed,4,3734
22,1,Familieboliger,Lejlighed,1,2415
22,1,Familieboliger,Lejlighed,2,3030
22,1,Familieboliger,Lejlighed,3,1787
22,1,Familieboliger,Lejlighed,4,1535
23,1,Familieboliger,Lejlighed,1,2875
23,1,Familieboliger,Lejlighed,2,13869
23,1,Familieboliger,Lejlighed,3,3292
23,1,Familieboliger,Lejlighed,4,2286
24,1,Familieboliger,Lejlighed,1,3649
24,1,Familieboliger,Lejlighed,2,4745
24,1,Familieboliger,Lejlighed,3,4280
24,1,Familieboliger,Lejlighed,4,4180
25,1,Familieboliger,Lejlighed,1,2703
25,1,Familieboliger,Lejlighed,2,7514
25,1,Familieboliger,Lejlighed,3,2609
25,1,Familieboliger,Lejlighed,4,2029
26,1,Familieboliger,Lejlighed,3,3374
26,1,Familieboliger,Lejlighed,4,2608
27,1,Familieboliger,Lejlighed,1,1720
27,1,Familieboliger,Lejlighed,2,1365
27,1,Familieboliger,Lejlighed,3,1746
27,1,Familieboliger,Lejlighed,4,1245
28,1,Familieboliger,Lejlighed,1,2145
28,1,Familieboliger,Lejlighed,2,8046
28,1,Familieboliger,Lejlighed,3,6536
28,1,Familieboliger,Lejlighed,4,2032
29,1,Familieboliger,Lejlighed,2,1967
29,1,Familieboliger,Lejlighed,3,1500
29,1,Familieboliger,Lejlighed,4,1103
30,1,Familieboliger,Lejlighed,2,378
30,1,Familieboliger,Lejlighed,3,281
30,1,Familieboliger,Lejlighed,4,269
31,1,Familieboliger,Lejlighed,1,3238
31,1,Familieboliger,Lejlighed,2,845
31,1,Familieboliger,Lejlighed,3,1762
31,1,Familieboliger,Lejlighed,4,521
32,1,Familieboliger,Rækkehus,2,451
32,1,Familieboliger,Rækkehus,3,508
33,1,Familieboliger,Lejlighed,1,3762
33,1,Familieboliger,Lejlighed,2,2832
33,1,Familieboliger,Lejlighed,3,3363
33,1,Familieboliger,Lejlighed,4,2101
34,1,Familieboliger,Rækkehus,2,462
34,1,Familieboliger,Rækkehus,3,1136
34,1,Familieboliger,Rækkehus,4,511
35,1,Familieboliger,Lejlighed,1,1823
35,1,Familieboliger,Lejlighed,2,2193
35,1,Familieboliger,Lejlighed,3,2285
35,1,Familieboliger,Lejlighed,4,1981
36,1,Familieboliger,Lejlighed,2,2553
36,1,Familieboliger,Lejlighed,3,3391
38,1,Familieboliger,Rækkehus,2,543
38,1,Familieboliger,Rækkehus,3,488
38,1,Familieboliger,Rækkehus,4,561
39,1,Familieboliger,Rækkehus,2,298
39,1,Familieboliger,Rækkehus,3,582
39,1,Familieboliger,Rækkehus,4,336
41,1,Familieboliger,Lejlighed,1,311
41,1,Familieboliger,Lejlighed,2,233
41,1,Familieboliger,Lejlighed,3,266
41,1,Familieboliger,Lejlighed,4,275
42,1,Familieboliger,Lejlighed,2,122
42,1,Familieboliger,Rækkehus,2,261
42,1,Ungdomsboliger,Ungdomsboliger,2,101
42,1,Familieboliger,Rækkehus,3,326
42,1,Familieboliger,Rækkehus,4,305
43,1,Familieboliger,Rækkehus,2,348
43,1,Familieboliger,Rækkehus,3,124
43,1,Familieboliger,Rækkehus,4,204
45,1,Familieboliger,Lejlighed,2,481
45,1,Familieboliger,Rækkehus,3,1460
45,1,Familieboliger,Rækkehus,4,750
47,1,Familieboliger,Lejlighed,2,953
47,1,Familieboliger,Rækkehus,2,1025
47,1,Familieboliger,Rækkehus,3,1137
47,1,Familieboliger,Rækkehus,4,1027
51,1,Familieboliger,Lejlighed,2,1794
51,1,Familieboliger,Lejlighed,3,1582
51,1,Familieboliger,Rækkehus,4,1279
52,1,Familieboliger,Rækkehus,2,1646
52,1,Familieboliger,Lejlighed,3,1817
52,1,Familieboliger,Rækkehus,3,2223
52,1,Familieboliger,Rækkehus,4,1606
53,1,Familieboliger,Rækkehus,4,2494
54,1,Familieboliger,Lejlighed,2,384
54,1,Familieboliger,Rækkehus,3,1844
54,1,Familieboliger,Rækkehus,4,1023
56,1,Familieboliger,Rækkehus,2,479
56,1,Familieboliger,Rækkehus,3,809
56,1,Familieboliger,Rækkehus,4,826
57,1,Familieboliger,Lejlighed,2,329
57,1,Familieboliger,Rækkehus,3,585
57,1,Familieboliger,Rækkehus,4,663
61,1,Familieboliger,Lejlighed,2,2647
61,1,Familieboliger,Seniorboliger,2,582
61,1,Familieboliger,Lejlighed,3,6446
61,1,Familieboliger,Seniorboliger,3,655
61,1,Familieboliger,Lejlighed,4,1737
62,1,Familieboliger,Seniorboliger,2,178
62,1,Familieboliger,Seniorboliger,3,291
62,1,Familieboliger,Seniorboliger,4,273
63,1,Familieboliger,Seniorboliger,2,178
63,1,Familieboliger,Seniorboliger,3,234
63,1,Familieboliger,Seniorboliger,4,222
64,1,Familieboliger,Rækkehus,2,112
64,1,Familieboliger,Rækkehus,3,144
64,1,Familieboliger,Rækkehus,4,173
65,1,Familieboliger,Lejlighed,2,296
65,1,Familieboliger,Rækkehus,3,418
65,1,Familieboliger,Rækkehus,4,518
66,1,Familieboliger,Rækkehus,3,487
66,1,Familieboliger,Rækkehus,4,554
67,1,Familieboliger,Rækkehus,2,351
67,1,Familieboliger,Rækkehus,3,512
67,1,Familieboliger,Rækkehus,4,480
68,1,Familieboliger,Lejlighed,2,119
68,1,Familieboliger,Rækkehus,2,198
68,1,Familieboliger,Lejlighed,3,182
68,1,Familieboliger,Rækkehus,3,335
68,1,Familieboliger,Rækkehus,4,431
70,2,Familieboliger,Lejlighed,2,2909
70,2,Familieboliger,Lejlighed,3,7608
70,2,Familieboliger,Lejlighed,4,2279
71,2,Familieboliger,Lejlighed,3,2608
71,2,Familieboliger,Lejlighed,4,2084
72,2,Familieboliger,Rækkehus,1,1489
72,2,Familieboliger,Rækkehus,3,2924
72,2,Familieboliger,Rækkehus,4,1781
73,2,Familieboliger,Lejlighed,1,4502
73,2,Familieboliger,Lejlighed,2,4770
73,2,Familieboliger,Lejlighed,3,21436
73,2,Familieboliger,Lejlighed,4,1495
74,2,Familieboliger,Lejlighed,1,1638
74,2,Familieboliger,Lejlighed,2,7244
74,2,Familieboliger,Lejlighed,3,2026
74,2,Familieboliger,Lejlighed,4,742
74,2,Familieboliger,Rækkehus,4,242
74,2,Familieboliger,Lejlighed,5,148
74,2,Familieboliger,Rækkehus,5,303
74,2,Familieboliger,Lejlighed,6,154
75,2,Familieboliger,Rækkehus,2,5112
75,2,Familieboliger,Rækkehus,3,4287
75,2,Familieboliger,Rækkehus,4,853
77,2,Familieboliger,Lejlighed,2,8544
79,2,Familieboliger,Lejlighed,1,865
80,2,Familieboliger,Rækkehus,2,850
80,2,Familieboliger,Rækkehus,3,1042
83,2,Familieboliger,Rækkehus,3,399
83,2,Familieboliger,Rækkehus,4,430
83,2,Familieboliger,Rækkehus,5,323
84,2,Familieboliger,Rækkehus,2,250
86,2,Familieboliger,Rækkehus,3,1308
86,2,Familieboliger,Rækkehus,4,618
86,2,Familieboliger,Rækkehus,5,622
87,2,Familieboliger,Rækkehus,3,674
88,2,Familieboliger,Rækkehus,4,224
89,2,Familieboliger,Rækkehus,2,243
89,2,Familieboliger,Rækkehus,3,790
89,2,Familieboliger,Rækkehus,4,401
90,2,Familieboliger,Rækkehus,4,661
91,2,Familieboliger,Rækkehus,2,222
92,2,Familieboliger,Lejlighed,2,580
92,2,Familieboliger,Lejlighed,3,204
92,2,Familieboliger,Lejlighed,4,192
92,2,Familieboliger,Lejlighed,5,69
93,2,Familieboliger,Rækkehus,2,408
93,2,Familieboliger,Rækkehus,3,600
94,2,Familieboliger,Rækkehus,2,750
94,2,Familieboliger,Rækkehus,3,994
94,2,Familieboliger,Rækkehus,4,470
95,2,Familieboliger,Rækkehus,2,322
95,2,Familieboliger,Rækkehus,3,429
95,2,Familieboliger,Rækkehus,4,485
96,2,Familieboliger,Lejlighed,2,42
96,2,Familieboliger,Rækkehus,2,81
96,2,Familieboliger,Rækkehus,3,534
96,2,Familieboliger,Rækkehus,4,570
97,2,Familieboliger,Rækkehus,3,598
97,2,Familieboliger,Rækkehus,4,945
97,2,Familieboliger,Rækkehus,5,241
98,3,Familieboliger,Lejlighed,2,8614
98,3,Familieboliger,Lejlighed,3,8490
98,3,Familieboliger,Lejlighed,4,2098
99,3,Familieboliger,Rækkehus,4,5067
100,3,Familieboliger,Rækkehus,3,3922
101,3,Familieboliger,Lejlighed,2,2629
101,3,Familieboliger,Lejlighed,3,6312
101,3,Familieboliger,Lejlighed,4,2341
102,3,Familieboliger,Lejlighed,1,2600
102,3,Familieboliger,Lejlighed,2,3657
102,3,Familieboliger,Lejlighed,3,3151
102,3,Familieboliger,Lejlighed,4,4664
103,3,Familieboliger,Lejlighed,1,2512
103,3,Familieboliger,Lejlighed,2,2851
103,3,Familieboliger,Lejlighed,3,2841
103,3,Familieboliger,Lejlighed,4,2176
104,3,Familieboliger,Lejlighed,1,2548
104,3,Familieboliger,Lejlighed,2,3178
104,3,Familieboliger,Lejlighed,3,3126
104,3,Familieboliger,Lejlighed,4,4636
104,3,Familieboliger,Lejlighed,5,1599
105,3,Familieboliger,Lejlighed,1,2242
105,3,Familieboliger,Lejlighed,2,2752
105,3,Familieboliger,Lejlighed,3,2000
105,3,Familieboliger,Lejlighed,4,1381
106,3,Familieboliger,Lejlighed,1,1076
106,3,Familieboliger,Seniorboliger,1,177
106,3,Familieboliger,Lejlighed,2,1414
106,3,Familieboliger,Seniorboliger,2,226
106,3,Familieboliger,Lejlighed,3,838
106,3,Familieboliger,Seniorboliger,3,155
106,3,Familieboliger,Lejlighed,4,655
106,3,Familieboliger,Seniorboliger,4,104
106,3,Familieboliger,Lejlighed,5,440
107,3,Familieboliger,Lejlighed,2,2748
107,3,Familieboliger,Lejlighed,3,2262
107,3,Familieboliger,Rækkehus,4,981
108,3,Familieboliger,Rækkehus,2,424
108,3,Familieboliger,Rækkehus,3,571
108,3,Familieboliger,Rækkehus,4,408
109,3,Familieboliger,Seniorboliger,2,71
110,3,Familieboliger,Lejlighed,2,5482
110,3,Familieboliger,Lejlighed,3,3216
111,3,Familieboliger,Lejlighed,2,1876
111,3,Familieboliger,Lejlighed,3,2047
111,3,Familieboliger,Lejlighed,4,1601
112,3,Familieboliger,Lejlighed,2,658
112,3,Familieboliger,Lejlighed,3,967
112,3,Familieboliger,Rækkehus,3,1083
112,3,Familieboliger,Rækkehus,4,1236
113,3,Familieboliger,Seniorboliger,2,247
113,3,Familieboliger,Seniorboliger,3,333
114,3,Familieboliger,Lejlighed,2,732
114,3,Familieboliger,Rækkehus,3,847
114,3,Familieboliger,Seniorboliger,3,192
114,3,Familieboliger,Rækkehus,4,966
115,3,Familieboliger,Lejlighed,2,144
115,3,Familieboliger,Lejlighed,3,210
115,3,Familieboliger,Rækkehus,3,248
115,3,Familieboliger,Rækkehus,4,295
116,3,Familieboliger,Seniorboliger,2,252
116,3,Familieboliger,Seniorboliger,3,758
117,3,Familieboliger,Lejlighed,2,5442
118,3,Familieboliger,Lejlighed,2,563
118,3,Familieboliger,Rækkehus,3,1816
118,3,Familieboliger,Rækkehus,4,469
119,3,Familieboliger,Lejlighed,2,4080
119,3,Familieboliger,Lejlighed,3,2936
119,3,Familieboliger,Rækkehus,4,1454
120,3,Familieboliger,Rækkehus,2,257
120,3,Familieboliger,Seniorboliger,2,70
120,3,Familieboliger,Rækkehus,3,362
121,3,Familieboliger,Lejlighed,2,966
121,3,Familieboliger,Rækkehus,2,385
121,3,Familieboliger,Lejlighed,3,327
121,3,Familieboliger,Rækkehus,3,495
121,3,Familieboliger,Rækkehus,4,461
122,3,Familieboliger,Lejlighed,2,1514
122,3,Familieboliger,Rækkehus,2,1357
122,3,Familieboliger,Lejlighed,3,1607
122,3,Familieboliger,Rækkehus,3,1837
123,3,Familieboliger,Lejlighed,2,990
123,3,Familieboliger,Rækkehus,2,994
123,3,Familieboliger,Lejlighed,3,2360
123,3,Familieboliger,Rækkehus,3,3098
124,3,Familieboliger,Rækkehus,2,358
124,3,Familieboliger,Rækkehus,3,553
124,3,Familieboliger,Rækkehus,4,629
125,3,Familieboliger,Lejlighed,2,349
125,3,Familieboliger,Rækkehus,3,490
125,3,Familieboliger,Rækkehus,4,563
127,3,Familieboliger,Lejlighed,2,251
127,3,Familieboliger,Seniorboliger,2,92
127,3,Familieboliger,Lejlighed,3,281
127,3,Familieboliger,Rækkehus,3,354
127,3,Familieboliger,Seniorboliger,3,125
127,3,Familieboliger,Rækkehus,4,302
128,3,Ungdomsboliger,Ungdomsboliger,1,44
129,3,Familieboliger,Rækkehus,3,196
129,3,Familieboliger,Rækkehus,5,147
130,3,Familieboliger,Lejlighed,2,199
130,3,Familieboliger,Lejlighed,3,187
130,3,Familieboliger,Rækkehus,3,228
130,3,Familieboliger,Rækkehus,4,975
131,3,Familieboliger,Rækkehus,2,271
131,3,Familieboliger,Rækkehus,3,220
131,3,Familieboliger,Rækkehus,4,212
132,3,Familieboliger,Lejlighed,2,330
132,3,Familieboliger,Lejlighed,3,360
134,3,Familieboliger,Lejlighed,1,108
134,3,Familieboliger,Lejlighed,2,126
134,3,Familieboliger,Seniorboliger,2,46
134,3,Familieboliger,Lejlighed,3,381
134,3,Familieboliger,Seniorboliger,3,47
134,3,Familieboliger,Lejlighed,4,176
135,3,Familieboliger,Lejlighed,2,87
135,3,Familieboliger,Seniorboliger,2,46
135,3,Familieboliger,Lejlighed,3,93
135,3,Familieboliger,Seniorboliger,3,50
137,3,Familieboliger,Lejlighed,2,7808
137,3,Familieboliger,Lejlighed,3,6268
138,3,Familieboliger,Rækkehus,3,19964
138,3,Familieboliger,Rækkehus,4,6366
139,3,Familieboliger,Lejlighed,2,1744
139,3,Familieboliger,Seniorboliger,2,248
140,3,Familieboliger,Lejlighed,2,2150
140,3,Familieboliger,Lejlighed,3,2226
140,3,Familieboliger,Lejlighed,4,1454
141,3,Familieboliger,Lejlighed,2,3171
141,3,Familieboliger,Lejlighed,3,10995
141,3,Familieboliger,Lejlighed,4,7563
142,3,Familieboliger,Lejlighed,1,2466
142,3,Familieboliger,Lejlighed,3,3217
142,3,Familieboliger,Lejlighed,4,4884
143,3,Familieboliger,Lejlighed,1,2495
143,3,Familieboliger,Lejlighed,2,3463
143,3,Familieboliger,Lejlighed,3,6296
143,3,Familieboliger,Lejlighed,4,2353
144,3,Familieboliger,Lejlighed,1,5558
144,3,Familieboliger,Lejlighed,2,5156
144,3,Familieboliger,Lejlighed,3,14196
144,3,Familieboliger,Lejlighed,4,5134
145,3,Familieboliger,Lejlighed,1,2121
145,3,Familieboliger,Lejlighed,2,2815
145,3,Familieboliger,Lejlighed,3,1421
145,3,Familieboliger,Lejlighed,4,1037
146,3,Familieboliger,Rækkehus,2,512
146,3,Familieboliger,Rækkehus,3,497
146,3,Familieboliger,Rækkehus,4,417
147,3,Familieboliger,Rækkehus,2,441
147,3,Familieboliger,Rækkehus,3,572
147,3,Familieboliger,Rækkehus,4,478
148,3,Familieboliger,Rækkehus,1,809
148,3,Familieboliger,Rækkehus,2,999
148,3,Familieboliger,Rækkehus,3,1556
148,3,Familieboliger,Rækkehus,4,1264
149,3,Familieboliger,Rækkehus,2,611
149,3,Familieboliger,Rækkehus,3,660
149,3,Familieboliger,Rækkehus,4,700
150,3,Familieboliger,Lejlighed,2,1077
150,3,Familieboliger,Rækkehus,2,1178
150,3,Familieboliger,Rækkehus,3,1421
150,3,Familieboliger,Rækkehus,4,1547
151,3,Familieboliger,Lejlighed,2,6948
152,4,Familieboliger,Lejlighed,1,2701
152,4,Familieboliger,Lejlighed,2,9174
152,4,Familieboliger,Lejlighed,3,14106
152,4,Familieboliger,Lejlighed,4,6636
153,4,Familieboliger,Lejlighed,2,3286
153,4,Familieboliger,Lejlighed,3,7248
153,4,Familieboliger,Lejlighed,4,5558
154,4,Familieboliger,Rækkehus,2,2452
154,4,Familieboliger,Rækkehus,3,16884
155,4,Familieboliger,Lejlighed,1,2058
155,4,Familieboliger,Lejlighed,2,2222
155,4,Familieboliger,Lejlighed,3,5100
155,4,Familieboliger,Lejlighed,4,3828
155,4,Familieboliger,Lejlighed,5,1236
156,4,Familieboliger,Rækkehus,2,2566
156,4,Familieboliger,Rækkehus,3,9160
156,4,Familieboliger,Rækkehus,4,4098
157,4,Familieboliger,Rækkehus,2,1189
157,4,Familieboliger,Rækkehus,3,1193
157,4,Familieboliger,Rækkehus,4,4881
158,4,Familieboliger,Rækkehus,2,1967
158,4,Familieboliger,Seniorboliger,2,2930
158,4,Familieboliger,Rækkehus,3,5340
158,4,Familieboliger,Seniorboliger,3,708
158,4,Familieboliger,Rækkehus,4,4682
158,4,Familieboliger,Seniorboliger,4,644
159,4,Familieboliger,Rækkehus,3,1580
159,4,Familieboliger,Rækkehus,4,1571
159,4,Familieboliger,Rækkehus,5,847
160,4,Familieboliger,Rækkehus,2,2049
160,4,Familieboliger,Seniorboliger,2,511
160,4,Familieboliger,Rækkehus,3,6002
160,4,Familieboliger,Seniorboliger,3,771
160,4,Familieboliger,Rækkehus,4,3037
162,4,Familieboliger,Lejlighed,2,1468
162,4,Familieboliger,Lejlighed,3,1489
162,4,Familieboliger,Lejlighed,4,1106
163,4,Familieboliger,Lejlighed,2,2549
163,4,Familieboliger,Seniorboliger,2,2576
163,4,Familieboliger,Rækkehus,3,3311
163,4,Familieboliger,Seniorboliger,3,1670
163,4,Familieboliger,Rækkehus,4,6300
163,4,Familieboliger,Seniorboliger,4,1432
164,5,Familieboliger,Lejlighed,2,1501
164,5,Familieboliger,Lejlighed,3,1286
164,5,Familieboliger,Lejlighed,4,2394
164,5,Familieboliger,Rækkehus,4,1070
164,5,Familieboliger,Rækkehus,5,639
165,5,Familieboliger,Værelser,1,668
165,5,Familieboliger,Lejlighed,2,2132
165,5,Familieboliger,Lejlighed,3,1236
165,5,Familieboliger,Lejlighed,4,2242
165,5,Familieboliger,Rækkehus,4,3050
165,5,Familieboliger,Lejlighed,5,473
165,5,Familieboliger,Rækkehus,5,923
166,5,Familieboliger,Lejlighed,1,1209
166,5,Familieboliger,Lejlighed,2,3352
166,5,Familieboliger,Lejlighed,3,1013
166,5,Familieboliger,Lejlighed,4,832
167,5,Familieboliger,Lejlighed,1,543
167,5,Familieboliger,Stor 1 vær. lejlighed,1,488
167,5,Familieboliger,Lejlighed,2,531
167,5,Familieboliger,Lejlighed,3,138
167,5,Familieboliger,Lejlighed,4,106
167,5,Familieboliger,Lejlighed,5,52
168,5,Familieboliger,Værelser,1,294
168,5,Familieboliger,Lejlighed,2,412
168,5,Familieboliger,Lejlighed,3,74
168,5,Familieboliger,Lejlighed,4,70
169,5,Familieboliger,Lejlighed,1,356
169,5,Familieboliger,Lejlighed,2,2396
169,5,Familieboliger,Lejlighed,3,1132
169,5,Familieboliger,Lejlighed,4,2170
169,5,Familieboliger,Rækkehus,5,607
170,5,Familieboliger,Rækkehus,1,620
170,5,Familieboliger,Rækkehus,2,791
170,5,Familieboliger,Rækkehus,3,856
170,5,Familieboliger,Rækkehus,4,792
170,5,Familieboliger,Rækkehus,5,385
171,5,Familieboliger,Lejlighed,2,653
171,5,Familieboliger,Lejlighed,3,472
172,5,Familieboliger,Lejlighed,1,181
172,5,Familieboliger,Lejlighed,2,200
172,5,Familieboliger,Rækkehus,2,261
172,5,Familieboliger,Seniorboliger,2,78
172,5,Familieboliger,Lejlighed,3,329
172,5,Familieboliger,Rækkehus,3,1194
172,5,Familieboliger,Seniorboliger,3,130
172,5,Familieboliger,Rækkehus,4,496
173,5,Familieboliger,Lejlighed,2,191
173,5,Familieboliger,Lejlighed,3,267
173,5,Familieboliger,Lejlighed,4,243
174,5,Familieboliger,Lejlighed,2,645
174,5,Familieboliger,Lejlighed,3,2210
174,5,Familieboliger,Lejlighed,4,617
174,5,Familieboliger,Rækkehus,4,859
175,5,Familieboliger,Rækkehus,2,361
175,5,Familieboliger,Rækkehus,3,504
176,5,Familieboliger,Lejlighed,2,519
176,5,Familieboliger,Rækkehus,2,537
176,5,Familieboliger,Lejlighed,3,600
176,5,Familieboliger,Rækkehus,3,783
176,5,Familieboliger,Rækkehus,4,901
177,5,Familieboliger,Seniorboliger,2,192
177,5,Familieboliger,Seniorboliger,3,236
178,5,Familieboliger,Lejlighed,2,486
178,5,Familieboliger,Lejlighed,3,462
178,5,Familieboliger,Lejlighed,4,324
179,5,Familieboliger,Rækkehus,2,502
179,5,Familieboliger,Rækkehus,3,676
181,5,Familieboliger,Rækkehus,2,885
181,5,Familieboliger,Lejlighed,4,176
181,5,Familieboliger,Rækkehus,4,584
182,5,Familieboliger,Seniorboliger,2,2124
182,5,Familieboliger,Seniorboliger,3,471
183,5,Familieboliger,Seniorboliger,2,79
183,5,Familieboliger,Seniorboliger,3,127
184,5,Familieboliger,Lejlighed,2,416
184,5,Familieboliger,Lejlighed,3,499
184,5,Familieboliger,Lejlighed,4,1308
185,5,Familieboliger,Lejlighed,2,438
185,5,Familieboliger,Lejlighed,3,358
185,5,Familieboliger,Lejlighed,4,360
185,5,Familieboliger,Lejlighed,5,320
186,5,Familieboliger,Lejlighed,2,253
186,5,Familieboliger,Lejlighed,3,441
186,5,Familieboliger,Lejlighed,4,570
187,5,Familieboliger,Lejlighed,2,187
187,5,Familieboliger,Lejlighed,3,181
187,5,Familieboliger,Lejlighed,4,239
187,5,Familieboliger,Lejlighed,5,174
188,6,Familieboliger,Lejlighed,2,6926
188,6,Familieboliger,Seniorboliger,2,1504
188,6,Familieboliger,Lejlighed,3,2978
188,6,Familieboliger,Lejlighed,4,1802
188,6,Familieboliger,Lejlighed,5,1465
189,6,Familieboliger,Lejlighed,2,6367
189,6,Familieboliger,Lejlighed,3,14568
189,6,Familieboliger,Lejlighed,4,4717
190,6,Familieboliger,Lejlighed,2,4207
190,6,Familieboliger,Lejlighed,3,8986
190,6,Familieboliger,Lejlighed,4,3425
191,6,Familieboliger,Lejlighed,2,9200
191,6,Familieboliger,Seniorboliger,2,1962
191,6,Familieboliger,Lejlighed,3,4210
192,6,Familieboliger,Lejlighed,1,1070
192,6,Familieboliger,Lejlighed,2,4010
192,6,Familieboliger,Seniorboliger,2,673
192,6,Familieboliger,Lejlighed,3,12042
192,6,Familieboliger,Lejlighed,5,2013
193,6,Familieboliger,Lejlighed,1,2590
193,6,Familieboliger,Lejlighed,2,10215
193,6,Familieboliger,Lejlighed,3,11784
193,6,Familieboliger,Lejlighed,4,1380
197,6,Familieboliger,Lejlighed,1,1604
197,6,Familieboliger,Lejlighed,2,11228
197,6,Familieboliger,Lejlighed,3,9129
197,6,Familieboliger,Lejlighed,4,854
198,6,Familieboliger,Rækkehus,2,2043
198,6,Familieboliger,Seniorboliger,2,374
198,6,Familieboliger,Rækkehus,3,2153
198,6,Familieboliger,Rækkehus,4,1859
199,6,Familieboliger,Rækkehus,4,3497
200,6,Familieboliger,Lejlighed,1,584
200,6,Familieboliger,Rækkehus,1,542
200,6,Familieboliger,Rækkehus,2,1204
200,6,Familieboliger,Rækkehus,4,1124
200,6,Familieboliger,Rækkehus,5,818
201,6,Familieboliger,Rækkehus,4,9866
202,6,Familieboliger,Rækkehus,2,1463
202,6,Familieboliger,Rækkehus,3,1778
203,6,Familieboliger,Lejlighed,1,2437
203,6,Familieboliger,Lejlighed,2,2944
203,6,Familieboliger,Lejlighed,3,8760
203,6,Familieboliger,Lejlighed,4,1771
203,6,Familieboliger,Lejlighed,5,884
204,6,Familieboliger,Lejlighed,1,7994
204,6,Familieboliger,Seniorboliger,1,563
204,6,Familieboliger,Lejlighed,2,2975
204,6,Familieboliger,Seniorboliger,2,1652
204,6,Familieboliger,Lejlighed,3,3126
204,6,Familieboliger,Lejlighed,4,2051
205,6,Familieboliger,Lejlighed,1,2470
205,6,Familieboliger,Seniorboliger,1,325
205,6,Familieboliger,Lejlighed,2,2385
205,6,Familieboliger,Seniorboliger,2,392
205,6,Familieboliger,Lejlighed,3,1555
205,6,Familieboliger,Lejlighed,4,1393
206,6,Familieboliger,Rækkehus,4,2079
207,6,Familieboliger,Rækkehus,4,1552
208,6,Familieboliger,Lejlighed,1,442
208,6,Familieboliger,Lejlighed,2,1448
208,6,Familieboliger,Seniorboliger,2,157
208,6,Familieboliger,Lejlighed,3,1356
208,6,Familieboliger,Seniorboliger,3,180
208,6,Familieboliger,Lejlighed,4,1060
209,6,Familieboliger,Rækkehus,3,972
209,6,Familieboliger,Rækkehus,4,2506
209,6,Familieboliger,Seniorboliger,4,367
209,6,Familieboliger,Rækkehus,5,968
210,6,Familieboliger,Lejlighed,2,1020
210,6,Familieboliger,Lejlighed,3,1202
210,6,Familieboliger,Lejlighed,4,1038
211,6,Familieboliger,Lejlighed,1,790
211,6,Familieboliger,Lejlighed,2,1810
211,6,Familieboliger,Lejlighed,3,755
211,6,Familieboliger,Seniorboliger,3,594
211,6,Familieboliger,Lejlighed,4,470
212,6,Familieboliger,Lejlighed,2,621
212,6,Familieboliger,Lejlighed,3,2188
212,6,Familieboliger,Lejlighed,4,662
213,6,Familieboliger,Lejlighed,1,1912
213,6,Familieboliger,Lejlighed,2,1400
213,6,Familieboliger,Lejlighed,3,1144
213,6,Familieboliger,Lejlighed,4,668
214,6,Familieboliger,Lejlighed,2,309
214,6,Familieboliger,Lejlighed,3,118
214,6,Familieboliger,Seniorboliger,3,37
214,6,Familieboliger,Lejlighed,4,110
215,6,Familieboliger,Værelser,1,231
215,6,Familieboliger,Lejlighed,2,315
215,6,Familieboliger,Lejlighed,3,49
216,6,Familieboliger,Værelser,1,1232
216,6,Familieboliger,Lejlighed,2,834
216,6,Familieboliger,Seniorboliger,2,282
216,6,Familieboliger,Lejlighed,3,512
216,6,Familieboliger,Seniorboliger,3,139
216,6,Familieboliger,Lejlighed,4,369
217,6,Familieboliger,Lejlighed,1,1954
217,6,Familieboliger,Lejlighed,2,2366
217,6,Familieboliger,Lejlighed,3,2285
217,6,Familieboliger,Lejlighed,4,1351
218,6,Familieboliger,Rækkehus,2,720
218,6,Familieboliger,Seniorboliger,2,256
218,6,Familieboliger,Rækkehus,3,774
219,6,Familieboliger,Lejlighed,2,943
219,6,Familieboliger,Rækkehus,2,852
219,6,Familieboliger,Seniorboliger,2,266
219,6,Familieboliger,Rækkehus,3,1215
221,6,Familieboliger,Lejlighed,2,545
221,6,Familieboliger,Rækkehus,2,601
221,6,Familieboliger,Rækkehus,3,740
223,6,Familieboliger,Lejlighed,2,839
223,6,Familieboliger,Rækkehus,2,879
223,6,Familieboliger,Rækkehus,3,1115
223,6,Familieboliger,Rækkehus,4,1001
224,6,Familieboliger,Rækkehus,2,726
224,6,Familieboliger,Rækkehus,3,2410
224,6,Familieboliger,Rækkehus,4,945
225,6,Familieboliger,Rækkehus,2,477
225,6,Familieboliger,Rækkehus,3,599
225,6,Familieboliger,Rækkehus,4,597
225,6,Familieboliger,Rækkehus,5,484
226,6,Familieboliger,Lejlighed,2,637
226,6,Familieboliger,Seniorboliger,2,222
226,6,Familieboliger,Rækkehus,3,866
226,6,Familieboliger,Rækkehus,4,893
227,6,Familieboliger,Lejlighed,2,620
227,6,Familieboliger,Seniorboliger,2,208
227,6,Ungdomsboliger,Ungdomsboliger,2,156
228,6,Familieboliger,Rækkehus,2,329
228,6,Familieboliger,Rækkehus,3,670
228,6,Familieboliger,Seniorboliger,3,99
229,6,Familieboliger,Rækkehus,3,506
229,6,Familieboliger,Seniorboliger,3,290
229,6,Familieboliger,Rækkehus,4,355
229,6,Familieboliger,Seniorboliger,4,97
230,6,Familieboliger,Rækkehus,3,702
230,6,Familieboliger,Rækkehus,4,750
233,7,Familieboliger,Lejlighed,2,7521
233,7,Familieboliger,Lejlighed,3,7321
233,7,Familieboliger,Lejlighed,5,3278
234,7,Familieboliger,Lejlighed,2,4375
234,7,Familieboliger,Lejlighed,3,5685
234,7,Familieboliger,Lejlighed,4,2603
235,7,Familieboliger,Lejlighed,2,3757
235,7,Familieboliger,Lejlighed,3,9880
235,7,Familieboliger,Lejlighed,4,2543
236,7,Familieboliger,Lejlighed,1,3966
236,7,Familieboliger,Lejlighed,2,7052
236,7,Familieboliger,Lejlighed,3,5856
237,7,Familieboliger,Rækkehus,3,4422
237,7,Familieboliger,Rækkehus,4,5041
238,7,Familieboliger,Lejlighed,1,5119
238,7,Familieboliger,Lejlighed,2,7719
239,7,Familieboliger,Lejlighed,2,3592
239,7,Familieboliger,Lejlighed,3,3417
239,7,Familieboliger,Lejlighed,4,5144
239,7,Familieboliger,Lejlighed,5,1712
240,7,Familieboliger,Lejlighed,2,1695
240,7,Familieboliger,Lejlighed,3,1657
241,7,Familieboliger,Lejlighed,1,3227
241,7,Familieboliger,Lejlighed,2,3922
241,7,Familieboliger,Lejlighed,3,9416
241,7,Familieboliger,Lejlighed,4,5946
242,7,Familieboliger,Lejlighed,2,4360
242,7,Familieboliger,Lejlighed,3,4900
242,7,Familieboliger,Lejlighed,4,3384
243,7,Familieboliger,Lejlighed,1,1800
243,7,Familieboliger,Lejlighed,2,2518
243,7,Familieboliger,Lejlighed,3,2249
243,7,Familieboliger,Lejlighed,5,1204
244,7,Familieboliger,Lejlighed,1,1886
244,7,Familieboliger,Lejlighed,2,2368
244,7,Familieboliger,Lejlighed,3,2167
244,7,Familieboliger,Lejlighed,4,1623
245,7,Familieboliger,Lejlighed,1,1653
245,7,Familieboliger,Lejlighed,2,1916
245,7,Familieboliger,Lejlighed,3,1871
245,7,Familieboliger,Lejlighed,4,1410
246,7,Familieboliger,Lejlighed,2,1597
246,7,Familieboliger,Lejlighed,3,1614
246,7,Familieboliger,Lejlighed,4,1145
247,7,Familieboliger,Lejlighed,1,2500
247,7,Familieboliger,Lejlighed,2,2061
247,7,Familieboliger,Lejlighed,3,2192
247,7,Familieboliger,Lejlighed,4,1294
248,7,Familieboliger,Rækkehus,4,1408
248,7,Familieboliger,Rækkehus,5,868
249,7,Familieboliger,Lejlighed,2,968
249,7,Familieboliger,Lejlighed,3,823
249,7,Familieboliger,Lejlighed,4,599
250,7,Familieboliger,Lejlighed,2,2785
251,7,Familieboliger,Lejlighed,1,988
251,7,Familieboliger,Lejlighed,2,691
251,7,Familieboliger,Lejlighed,3,747
251,7,Familieboliger,Lejlighed,4,549
252,7,Familieboliger,Lejlighed,2,3800
252,7,Familieboliger,Lejlighed,3,4642
253,7,Familieboliger,Lejlighed,1,1510
253,7,Familieboliger,Lejlighed,2,2400
253,7,Familieboliger,Lejlighed,3,2285
253,7,Familieboliger,Lejlighed,4,1979
254,7,Familieboliger,Lejlighed,2,1798
254,7,Familieboliger,Lejlighed,3,2183
254,7,Familieboliger,Lejlighed,4,1955
256,7,Familieboliger,Lejlighed,2,517
256,7,Familieboliger,Rækkehus,2,549
256,7,Familieboliger,Rækkehus,3,727
256,7,Familieboliger,Rækkehus,4,673
257,7,Familieboliger,Seniorboliger,2,320
258,7,Familieboliger,Rækkehus,1,326
258,7,Familieboliger,Rækkehus,2,528
258,7,Familieboliger,Rækkehus,3,704
258,7,Familieboliger,Rækkehus,4,596
259,7,Familieboliger,Lejlighed,2,557
259,7,Familieboliger,Rækkehus,2,649
259,7,Familieboliger,Lejlighed,3,638
259,7,Familieboliger,Rækkehus,3,821
259,7,Familieboliger,Rækkehus,4,778
260,7,Familieboliger,Lejlighed,2,284
260,7,Familieboliger,Rækkehus,3,533
260,7,Familieboliger,Rækkehus,4,641
261,7,Familieboliger,Rækkehus,3,2343
261,7,Familieboliger,Rækkehus,4,2208
262,7,Familieboliger,Lejlighed,2,2741
262,7,Familieboliger,Lejlighed,3,2725
262,7,Familieboliger,Rækkehus,3,3129
262,7,Familieboliger,Lejlighed,4,2198
263,7,Familieboliger,Lejlighed,2,1882
263,7,Familieboliger,Lejlighed,3,2564
263,7,Familieboliger,Rækkehus,4,1597
263,7,Familieboliger,Rækkehus,5,1351
264,7,Familieboliger,Lejlighed,2,2434
264,7,Familieboliger,Rækkehus,2,1663
264,7,Familieboliger,Rækkehus,3,1903
264,7,Familieboliger,Lejlighed,4,1379
264,7,Familieboliger,Rækkehus,4,2188
264,7,Familieboliger,Lejlighed,5,1496
264,7,Familieboliger,Rækkehus,5,1558
266,7,Familieboliger,Lejlighed,1,210
266,7,Familieboliger,Lejlighed,2,234
266,7,Familieboliger,Rækkehus,3,423
266,7,Familieboliger,Rækkehus,4,510
270,7,Familieboliger,Lejlighed,2,1828
270,7,Familieboliger,Lejlighed,3,2161
270,7,Familieboliger,Rækkehus,3,1971
270,7,Familieboliger,Rækkehus,4,1483
271,7,Familieboliger,Seniorboliger,2,291
271,7,Familieboliger,Seniorboliger,3,664
274,7,Familieboliger,Rækkehus,2,637
274,7,Familieboliger,Rækkehus,3,504
275,7,Familieboliger,Rækkehus,3,491
275,7,Familieboliger,Rækkehus,4,491
276,7,Familieboliger,Rækkehus,3,1872
276,7,Familieboliger,Rækkehus,4,337
277,7,Familieboliger,Seniorboliger,2,378
277,7,Familieboliger,Seniorboliger,3,480
278,8,Familieboliger,Rækkehus,3,1097
278,8,Familieboliger,Rækkehus,4,5068
279,8,Familieboliger,Lejlighed,2,2232
279,8,Familieboliger,Lejlighed,4,522
280,8,Familieboliger,Rækkehus,1,389
280,8,Familieboliger,Rækkehus,2,706
280,8,Familieboliger,Rækkehus,3,854
281,8,Familieboliger,Rækkehus,1,524
281,8,Familieboliger,Rækkehus,2,1073
281,8,Familieboliger,Rækkehus,3,1093
281,8,Familieboliger,Rækkehus,4,2436
282,8,Familieboliger,Rækkehus,2,727
282,8,Familieboliger,Rækkehus,3,1458
282,8,Familieboliger,Rækkehus,4,476
283,8,Familieboliger,Rækkehus,2,686
283,8,Familieboliger,Rækkehus,3,723
283,8,Familieboliger,Rækkehus,4,672
284,8,Familieboliger,Rækkehus,2,581
284,8,Familieboliger,Rækkehus,3,654
284,8,Familieboliger,Rækkehus,4,699
285,8,Familieboliger,Lejlighed,2,293
285,8,Familieboliger,Rækkehus,2,460
285,8,Familieboliger,Lejlighed,3,243
285,8,Familieboliger,Rækkehus,3,487
285,8,Familieboliger,Rækkehus,4,552
286,8,Familieboliger,Lejlighed,2,273
286,8,Familieboliger,Rækkehus,3,611
286,8,Familieboliger,Lejlighed,4,303
287,8,Familieboliger,Lejlighed,2,535
287,8,Familieboliger,Rækkehus,2,662
287,8,Familieboliger,Rækkehus,3,750
287,8,Familieboliger,Rækkehus,4,737
287,8,Familieboliger,Rækkehus,5,586
288,8,Familieboliger,Lejlighed,2,252
288,8,Familieboliger,Rækkehus,3,388
288,8,Familieboliger,Rækkehus,4,970
289,8,Familieboliger,Rækkehus,2,380
289,8,Familieboliger,Rækkehus,3,448
289,8,Familieboliger,Rækkehus,4,457
289,8,Familieboliger,Rækkehus,5,407
290,8,Familieboliger,Lejlighed,2,225
290,8,Familieboliger,Lejlighed,3,177
290,8,Familieboliger,Lejlighed,4,184
291,9,Familieboliger,Lejlighed,1,9976
291,9,Familieboliger,Lejlighed,2,12900
291,9,Familieboliger,Lejlighed,3,2076
291,9,Familieboliger,Lejlighed,4,2830
292,9,Familieboliger,Lejlighed,1,3402
292,9,Familieboliger,Lejlighed,2,2305
292,9,Familieboliger,Lejlighed,3,1376
292,9,Familieboliger,Lejlighed,4,809
292,9,Familieboliger,Lejlighed,5,446
293,9,Familieboliger,Lejlighed,1,1466
293,9,Familieboliger,Lejlighed,2,2916
293,9,Familieboliger,Lejlighed,3,465
293,9,Familieboliger,Lejlighed,4,369
293,9,Familieboliger,Lejlighed,5,210
294,9,Familieboliger,Lejlighed,1,1792
294,9,Familieboliger,Lejlighed,2,5925
294,9,Familieboliger,Lejlighed,3,1326
295,9,Familieboliger,Lejlighed,1,628
295,9,Familieboliger,Lejlighed,2,569
295,9,Familieboliger,Lejlighed,3,426
296,9,Familieboliger,Rækkehus,2,758
296,9,Familieboliger,Rækkehus,3,588
296,9,Familieboliger,Rækkehus,4,389
297,9,Familieboliger,Rækkehus,2,2314
297,9,Familieboliger,Seniorboliger,2,572
297,9,Familieboliger,Rækkehus,3,1800
297,9,Familieboliger,Rækkehus,4,1640
299,9,Familieboliger,Seniorboliger,2,148
299,9,Familieboliger,Seniorboliger,3,388
299,9,Familieboliger,Seniorboliger,4,410
300,9,Familieboliger,Lejlighed,2,319
300,9,Familieboliger,Rækkehus,3,624
300,9,Familieboliger,Rækkehus,4,555
301,9,Familieboliger,Lejlighed,2,217
301,9,Familieboliger,Rækkehus,3,403
301,9,Familieboliger,Rækkehus,4,391
302,9,Familieboliger,Lejlighed,2,164
302,9,Familieboliger,Lejlighed,3,334
302,9,Familieboliger,Lejlighed,4,154
303,9,Familieboliger,Rækkehus,3,4996
303,9,Familieboliger,Rækkehus,5,3555
304,9,Værelser,Værelser,1,4108
304,9,Familieboliger,Lejlighed,3,13794
304,9,Familieboliger,Lejlighed,4,10484
305,9,Familieboliger,Lejlighed,1,10330
305,9,Værelser,Værelser,1,5336
305,9,Familieboliger,Lejlighed,2,14086
305,9,Familieboliger,Lejlighed,3,13414
305,9,Familieboliger,Lejlighed,4,9474
306,9,Familieboliger,Lejlighed,1,3800
306,9,Familieboliger,Lejlighed,2,5506
306,9,Familieboliger,Lejlighed,3,8900
306,9,Familieboliger,Lejlighed,4,6206
307,10,Familieboliger,Lejlighed,2,4245
307,10,Familieboliger,Lejlighed,3,3473
307,10,Familieboliger,Lejlighed,4,5116
308,10,Familieboliger,Lejlighed,1,1345
308,10,Familieboliger,Lejlighed,2,1692
308,10,Familieboliger,Lejlighed,3,4034
309,10,Familieboliger,Lejlighed,1,2706
309,10,Familieboliger,Lejlighed,2,3728
309,10,Familieboliger,Lejlighed,3,6002
309,10,Familieboliger,Lejlighed,4,1942
310,10,Familieboliger,Lejlighed,2,1593
310,10,Familieboliger,Lejlighed,3,4218
310,10,Familieboliger,Lejlighed,4,1181
311,10,Familieboliger,Lejlighed,2,2426
311,10,Familieboliger,Lejlighed,3,5338
311,10,Familieboliger,Lejlighed,4,1700
312,10,Familieboliger,Rækkehus,3,4093
312,10,Familieboliger,Rækkehus,4,4001
313,10,Familieboliger,Lejlighed,1,2896
313,10,Familieboliger,Lejlighed,2,9060
313,10,Familieboliger,Lejlighed,3,5043
313,10,Familieboliger,Lejlighed,4,3339
313,10,Familieboliger,Lejlighed,5,899
314,10,Familieboliger,Lejlighed,1,2351
314,10,Familieboliger,Lejlighed,2,2409
314,10,Familieboliger,Lejlighed,3,1938
314,10,Familieboliger,Lejlighed,4,3512
315,10,Familieboliger,Lejlighed,1,1078
315,10,Familieboliger,Lejlighed,2,4168
315,10,Familieboliger,Lejlighed,3,3572
315,10,Familieboliger,Lejlighed,4,2288
315,10,Familieboliger,Lejlighed,5,911
316,10,Familieboliger,Rækkehus,3,2986
316,10,Familieboliger,Rækkehus,4,3029
317,10,Familieboliger,Lejlighed,1,2183
317,10,Familieboliger,Lejlighed,2,2200
317,10,Familieboliger,Lejlighed,3,1989
317,10,Familieboliger,Lejlighed,4,1652
317,10,Familieboliger,Lejlighed,5,1014
318,10,Familieboliger,Lejlighed,2,5330
318,10,Familieboliger,Lejlighed,3,1808
318,10,Familieboliger,Lejlighed,4,2682
318,10,Familieboliger,Lejlighed,5,754
319,10,Familieboliger,Lejlighed,1,1871
319,10,Familieboliger,Lejlighed,2,2381
319,10,Familieboliger,Lejlighed,3,1702
319,10,Familieboliger,Lejlighed,4,1161
319,10,Familieboliger,Lejlighed,5,870
320,10,Familieboliger,Lejlighed,1,4036
320,10,Familieboliger,Lejlighed,2,4980
321,10,Familieboliger,Rækkehus,3,3196
321,10,Familieboliger,Rækkehus,5,2634
322,10,Familieboliger,Rækkehus,2,2075
322,10,Familieboliger,Rækkehus,3,6492
322,10,Familieboliger,Rækkehus,4,2282
322,10,Familieboliger,Rækkehus,5,2109
323,10,Familieboliger,Rækkehus,4,3390
324,10,Familieboliger,Lejlighed,1,2223
324,10,Familieboliger,Lejlighed,2,9928
324,10,Familieboliger,Lejlighed,3,1698
324,10,Familieboliger,Lejlighed,4,2934
324,10,Familieboliger,Lejlighed,5,670
325,10,Familieboliger,Lejlighed,1,2081
325,10,Familieboliger,Lejlighed,2,7644
325,10,Familieboliger,Lejlighed,3,1553
325,10,Familieboliger,Lejlighed,4,2226
326,10,Familieboliger,Lejlighed,3,1989
326,10,Familieboliger,Lejlighed,4,1371
327,10,Familieboliger,Rækkehus,4,3472
328,10,Familieboliger,Lejlighed,1,1180
328,10,Familieboliger,Lejlighed,2,3586
328,10,Familieboliger,Lejlighed,3,3108
328,10,Familieboliger,Lejlighed,4,1171
329,10,Familieboliger,Lejlighed,1,1320
329,10,Familieboliger,Lejlighed,2,3826
329,10,Familieboliger,Lejlighed,3,1613
329,10,Familieboliger,Lejlighed,4,2400
329,10,Familieboliger,Lejlighed,5,784
330,10,Familieboliger,Lejlighed,1,4406
330,10,Familieboliger,Lejlighed,2,5628
330,10,Familieboliger,Lejlighed,3,2032
330,10,Familieboliger,Lejlighed,4,1336
331,10,Familieboliger,Lejlighed,2,2324
331,10,Familieboliger,Lejlighed,3,1692
331,10,Familieboliger,Lejlighed,4,1310
331,10,Familieboliger,Lejlighed,5,641
332,10,Familieboliger,Lejlighed,1,1577
332,10,Familieboliger,Lejlighed,2,2328
332,10,Familieboliger,Lejlighed,3,1047
332,10,Familieboliger,Lejlighed,4,687
332,10,Familieboliger,Lejlighed,5,437
333,10,Familieboliger,Lejlighed,1,4304
333,10,Familieboliger,Lejlighed,2,4502
333,10,Familieboliger,Lejlighed,3,1138
333,10,Familieboliger,Lejlighed,4,1290
333,10,Familieboliger,Lejlighed,5,882
334,10,Familieboliger,Lejlighed,1,372
334,10,Familieboliger,Lejlighed,2,553
334,10,Familieboliger,Rækkehus,4,389
335,10,Familieboliger,Lejlighed,1,211
335,10,Familieboliger,Lejlighed,2,323
335,10,Familieboliger,Lejlighed,3,179
335,10,Familieboliger,Lejlighed,4,209
337,10,Familieboliger,Lejlighed,1,1131
337,10,Familieboliger,Lejlighed,2,2274
337,10,Familieboliger,Lejlighed,3,1105
337,10,Familieboliger,Lejlighed,4,611
337,10,Familieboliger,Lejlighed,5,472
338,10,Familieboliger,Lejlighed,1,5108
338,10,Familieboliger,Lejlighed,2,7146
338,10,Familieboliger,Lejlighed,3,2403
339,10,Familieboliger,Lejlighed,1,3116
339,10,Familieboliger,Lejlighed,2,2295
339,10,Familieboliger,Lejlighed,3,1123
339,10,Familieboliger,Lejlighed,4,721
339,10,Familieboliger,Lejlighed,5,499
340,10,Familieboliger,Lejlighed,2,2746
340,10,Familieboliger,Rækkehus,5,5442
341,10,Familieboliger,Lejlighed,1,373
341,10,Familieboliger,Lejlighed,2,604
341,10,Familieboliger,Lejlighed,3,144
341,10,Familieboliger,Lejlighed,4,210
341,10,Familieboliger,Lejlighed,5,66
342,10,Familieboliger,Lejlighed,2,5541
342,10,Familieboliger,Rækkehus,2,1008
342,10,Familieboliger,Lejlighed,3,1942
342,10,Familieboliger,Rækkehus,3,1096
342,10,Familieboliger,Lejlighed,4,787
342,10,Familieboliger,Rækkehus,4,1490
342,10,Familieboliger,Rækkehus,5,552
343,10,Familieboliger,Rækkehus,1,844
343,10,Familieboliger,Rækkehus,2,3260
343,10,Familieboliger,Rækkehus,3,1208
343,10,Familieboliger,Rækkehus,4,1391
344,10,Familieboliger,Rækkehus,1,1088
344,10,Familieboliger,Rækkehus,2,4614
344,10,Familieboliger,Rækkehus,3,2635
344,10,Familieboliger,Rækkehus,4,4528
344,10,Familieboliger,Rækkehus,5,1568
345,10,Familieboliger,Lejlighed,1,1526
345,10,Familieboliger,Lejlighed,2,2351
345,10,Familieboliger,Rækkehus,2,2337
345,10,Familieboliger,Rækkehus,3,5760
345,10,Familieboliger,Rækkehus,4,8682
345,10,Familieboliger,Rækkehus,5,1852
346,10,Familieboliger,Lejlighed,2,1180
346,10,Familieboliger,Lejlighed,3,1227
347,10,Familieboliger,Rækkehus,2,463
347,10,Familieboliger,Rækkehus,3,1866
347,10,Familieboliger,Rækkehus,4,1358
347,10,Familieboliger,Rækkehus,5,561
348,10,Familieboliger,Lejlighed,1,1487
348,10,Familieboliger,Lejlighed,2,1954
348,10,Familieboliger,Rækkehus,2,2029
348,10,Familieboliger,Rækkehus,3,4734
348,10,Familieboliger,Rækkehus,4,5190
348,10,Familieboliger,Rækkehus,5,1692
349,10,Familieboliger,Lejlighed,1,2023
349,10,Familieboliger,Lejlighed,2,8414
349,10,Familieboliger,Lejlighed,3,1785
350,10,Familieboliger,Lejlighed,1,31
350,10,Familieboliger,Rækkehus,1,30
350,10,Familieboliger,Rækkehus,2,57
350,10,Familieboliger,Rækkehus,3,68
350,10,Familieboliger,Rækkehus,4,46
351,10,Ungdomsboliger,Ungdomsboliger,1,214
351,10,Familieboliger,Rækkehus,2,636
351,10,Ungdomsboliger,Ungdomsboliger,2,270
351,10,Familieboliger,Rækkehus,3,1172
351,10,Familieboliger,Rækkehus,4,523
352,10,Familieboliger,Rækkehus,2,1122
352,10,Familieboliger,Rækkehus,3,3126
352,10,Familieboliger,Rækkehus,4,2878
354,10,Familieboliger,Lejlighed,1,845
354,10,Familieboliger,Lejlighed,2,1048
354,10,Familieboliger,Rækkehus,2,1138
354,10,Familieboliger,Rækkehus,3,1922
354,10,Familieboliger,Rækkehus,4,1602
354,10,Familieboliger,Rækkehus,5,1566
357,10,Familieboliger,Lejlighed,2,1052
357,10,Familieboliger,Rækkehus,2,1519
357,10,Familieboliger,Rækkehus,3,2259
357,10,Familieboliger,Rækkehus,4,2305
358,10,Familieboliger,Lejlighed,2,862
358,10,Familieboliger,Rækkehus,2,451
358,10,Familieboliger,Lejlighed,3,466
358,10,Familieboliger,Rækkehus,3,2028
358,10,Familieboliger,Rækkehus,4,593
359,10,Familieboliger,Seniorboliger,2,25
360,10,Familieboliger,Lejlighed,2,14250
360,10,Familieboliger,Lejlighed,4,12642
362,10,Ungdomsboliger,Ungdomsboliger,1,427
362,10,Ungdomsboliger,Ungdomsboliger,2,408
363,10,Familieboliger,Lejlighed,2,1417
363,10,Familieboliger,Rækkehus,2,1168
363,10,Familieboliger,Rækkehus,3,2195
363,10,Familieboliger,Rækkehus,4,2288
363,10,Familieboliger,Lejlighed,5,1339
364,10,Familieboliger,Lejlighed,2,2684
364,10,Familieboliger,Lejlighed,3,1391
364,10,Familieboliger,Rækkehus,3,1740
364,10,Familieboliger,Rækkehus,4,1832
366,10,Familieboliger,Lejlighed,2,981
366,10,Familieboliger,Rækkehus,2,941
366,10,Familieboliger,Lejlighed,3,770
366,10,Familieboliger,Rækkehus,3,928
366,10,Familieboliger,Rækkehus,4,1046
366,10,Familieboliger,Rækkehus,5,839
367,10,Familieboliger,Lejlighed,2,614
367,10,Familieboliger,Rækkehus,2,736
367,10,Familieboliger,Rækkehus,3,1084
367,10,Familieboliger,Rækkehus,4,1279
368,10,Familieboliger,Lejlighed,2,1008
368,10,Familieboliger,Rækkehus,2,1118
368,10,Familieboliger,Rækkehus,3,1785
368,10,Familieboliger,Lejlighed,4,1276
368,10,Familieboliger,Rækkehus,4,1845
368,10,Familieboliger,Lejlighed,5,997
369,10,Familieboliger,Lejlighed,2,597
369,10,Familieboliger,Lejlighed,3,621
369,10,Familieboliger,Rækkehus,3,668
369,10,Familieboliger,Rækkehus,4,779
369,10,Familieboliger,Rækkehus,5,598
370,10,Familieboliger,Seniorboliger,2,385
370,10,Familieboliger,Seniorboliger,3,627
370,10,Familieboliger,Seniorboliger,4,463
371,10,Familieboliger,Lejlighed,2,856
371,10,Familieboliger,Lejlighed,3,1117
371,10,Familieboliger,Rækkehus,3,1468
371,10,Familieboliger,Lejlighed,4,1166
371,10,Familieboliger,Rækkehus,4,1707
371,10,Familieboliger,Rækkehus,5,1504
372,10,Familieboliger,Seniorboliger,2,170
372,10,Familieboliger,Seniorboliger,3,263
372,10,Familieboliger,Seniorboliger,4,262
374,10,Familieboliger,Seniorboliger,3,704
375,10,Familieboliger,Seniorboliger,2,179
375,10,Familieboliger,Seniorboliger,3,333
375,10,Familieboliger,Seniorboliger,4,285
376,10,Familieboliger,Lejlighed,2,374
376,10,Familieboliger,Lejlighed,3,540
376,10,Familieboliger,Rækkehus,3,742
376,10,Familieboliger,Rækkehus,4,913
378,10,Familieboliger,Seniorboliger,2,238
378,10,Familieboliger,Seniorboliger,3,347
378,10,Familieboliger,Seniorboliger,4,690
379,10,Familieboliger,Seniorboliger,2,199
379,10,Familieboliger,Seniorboliger,3,1368
379,10,Familieboliger,Seniorboliger,4,277
380,10,Familieboliger,Rækkehus,2,2000
380,10,Familieboliger,Rækkehus,3,3156
380,10,Familieboliger,Rækkehus,4,3214
380,10,Familieboliger,Rækkehus,5,2772
381,10,Familieboliger,Seniorboliger,3,124
381,10,Familieboliger,Seniorboliger,4,124
382,10,Familieboliger,Rækkehus,3,858
382,10,Familieboliger,Seniorboliger,3,270
382,10,Familieboliger,Rækkehus,4,1092
382,10,Familieboliger,Seniorboliger,4,276
382,10,Familieboliger,Rækkehus,5,837
384,11,Familieboliger,Lejlighed,2,4355
384,11,Familieboliger,Rækkehus,2,5268
384,11,Familieboliger,Lejlighed,3,5910
384,11,Familieboliger,Rækkehus,3,6746
384,11,Familieboliger,Rækkehus,4,7065
384,11,Familieboliger,Rækkehus,5,4202
385,11,Familieboliger,Lejlighed,2,8046
385,11,Familieboliger,Lejlighed,3,6110
385,11,Familieboliger,Lejlighed,4,1266
385,11,Familieboliger,Lejlighed,5,4417
386,11,Familieboliger,Lejlighed,2,4663
386,11,Familieboliger,Lejlighed,3,11820
386,11,Familieboliger,Lejlighed,4,2167
387,11,Familieboliger,Lejlighed,2,6861
387,11,Familieboliger,Lejlighed,3,18285
388,11,Familieboliger,Lejlighed,2,8065
388,11,Familieboliger,Lejlighed,3,17160
388,11,Familieboliger,Lejlighed,4,6001
388,11,Familieboliger,Lejlighed,5,3880
389,11,Familieboliger,Lejlighed,2,8073
389,11,Familieboliger,Lejlighed,3,7869
389,11,Familieboliger,Lejlighed,4,4573
390,11,Familieboliger,Lejlighed,2,6266
390,11,Familieboliger,Lejlighed,3,5080
391,11,Familieboliger,Lejlighed,1,10112
391,11,Familieboliger,Lejlighed,2,22875
391,11,Familieboliger,Lejlighed,3,12666
392,11,Familieboliger,Lejlighed,1,1727
392,11,Familieboliger,Lejlighed,2,6748
392,11,Familieboliger,Lejlighed,3,21384
392,11,Familieboliger,Lejlighed,4,9872
392,11,Familieboliger,Lejlighed,5,2011
393,11,Familieboliger,Lejlighed,1,1448
393,11,Familieboliger,Lejlighed,2,3916
393,11,Familieboliger,Lejlighed,3,8442
393,11,Familieboliger,Lejlighed,4,4257
393,11,Familieboliger,Lejlighed,5,2213
394,11,Familieboliger,Rækkehus,2,3655
394,11,Familieboliger,Rækkehus,3,5914
394,11,Familieboliger,Rækkehus,4,6075
394,11,Familieboliger,Rækkehus,5,4380
395,11,Familieboliger,Rækkehus,3,5718
395,11,Familieboliger,Rækkehus,4,13878
395,11,Familieboliger,Rækkehus,5,5391
396,11,Familieboliger,Rækkehus,3,4139
396,11,Familieboliger,Rækkehus,4,6098
396,11,Familieboliger,Rækkehus,5,5546
397,11,Familieboliger,Lejlighed,1,3600
397,11,Familieboliger,Lejlighed,2,5396
397,11,Familieboliger,Lejlighed,3,12142
397,11,Familieboliger,Lejlighed,4,7934
397,11,Familieboliger,Lejlighed,5,2540
398,11,Familieboliger,Værelser,1,2107
398,11,Familieboliger,Lejlighed,2,3293
398,11,Familieboliger,Lejlighed,3,9024
398,11,Familieboliger,Lejlighed,4,4832
399,11,Familieboliger,Rækkehus,3,4192
400,11,Familieboliger,Rækkehus,3,4346
400,11,Familieboliger,Rækkehus,4,10086
400,11,Familieboliger,Rækkehus,5,4032
401,11,Familieboliger,Rækkehus,3,3439
401,11,Familieboliger,Rækkehus,4,3951
402,11,Familieboliger,Lejlighed,1,2213
402,11,Familieboliger,Lejlighed,2,2573
402,11,Familieboliger,Lejlighed,3,6536
402,11,Familieboliger,Lejlighed,4,1680
403,11,Familieboliger,Lejlighed,1,2958
403,11,Familieboliger,Lejlighed,2,3426
403,11,Familieboliger,Lejlighed,3,2702
403,11,Familieboliger,Rækkehus,4,3257
404,11,Familieboliger,Lejlighed,1,4814
404,11,Familieboliger,Lejlighed,2,6937
404,11,Familieboliger,Lejlighed,3,6326
404,11,Familieboliger,Lejlighed,4,4834
404,11,Familieboliger,Lejlighed,5,3368
405,11,Familieboliger,Lejlighed,1,4086
405,11,Familieboliger,Lejlighed,2,4570
405,11,Familieboliger,Lejlighed,3,3112
405,11,Familieboliger,Lejlighed,4,3001
405,11,Familieboliger,Lejlighed,5,2384
406,11,Familieboliger,Lejlighed,1,1683
406,11,Familieboliger,Lejlighed,2,2475
406,11,Familieboliger,Lejlighed,3,1938
406,11,Familieboliger,Lejlighed,4,1249
407,11,Familieboliger,Lejlighed,3,1440
407,11,Familieboliger,Lejlighed,4,1066
407,11,Familieboliger,Rækkehus,4,1437
408,11,Familieboliger,Lejlighed,1,2734
408,11,Familieboliger,Lejlighed,2,4657
408,11,Familieboliger,Lejlighed,3,4773
408,11,Familieboliger,Lejlighed,4,3886
409,11,Familieboliger,Rækkehus,4,2850
409,11,Familieboliger,Rækkehus,5,2484
409,11,Familieboliger,Rækkehus,6,2395
410,11,Familieboliger,Lejlighed,2,928
410,11,Familieboliger,Lejlighed,3,755
410,11,Familieboliger,Lejlighed,4,535
410,11,Familieboliger,Lejlighed,5,510
411,11,Familieboliger,Lejlighed,1,2268
411,11,Familieboliger,Lejlighed,2,2680
411,11,Familieboliger,Lejlighed,3,1993
411,11,Familieboliger,Lejlighed,4,2030
412,11,Familieboliger,Lejlighed,1,2020
412,11,Familieboliger,Lejlighed,2,1503
412,11,Familieboliger,Lejlighed,3,1597
412,11,Familieboliger,Lejlighed,4,1270
413,11,Familieboliger,Lejlighed,1,1012
413,11,Familieboliger,Lejlighed,2,808
413,11,Familieboliger,Lejlighed,3,1394
413,11,Familieboliger,Lejlighed,4,522
414,11,Familieboliger,Lejlighed,2,3088
414,11,Familieboliger,Lejlighed,3,2616
414,11,Familieboliger,Lejlighed,4,1863
416,11,Familieboliger,Lejlighed,1,415
416,11,Familieboliger,Lejlighed,2,350
416,11,Familieboliger,Lejlighed,3,297
416,11,Familieboliger,Lejlighed,4,203
416,11,Familieboliger,Lejlighed,5,190
417,11,Familieboliger,Lejlighed,1,1212
417,11,Familieboliger,Gårdhavehus,2,3966
417,11,Familieboliger,Lejlighed,2,865
417,11,Familieboliger,Lejlighed,3,748
417,11,Familieboliger,Gårdhavehus,5,684
417,11,Familieboliger,Rækkehus,5,676
419,11,Familieboliger,Lejlighed,1,926
419,11,Familieboliger,Lejlighed,2,1436
419,11,Familieboliger,Lejlighed,3,1207
419,11,Familieboliger,Lejlighed,4,876
420,11,Familieboliger,Lejlighed,1,1714
420,11,Familieboliger,Lejlighed,2,1772
420,11,Familieboliger,Rækkehus,2,1313
420,11,Familieboliger,Lejlighed,3,1338
420,11,Familieboliger,Rækkehus,3,1521
421,11,Familieboliger,Seniorboliger,2,174
422,11,Familieboliger,Lejlighed,1,2161
422,11,Familieboliger,Lejlighed,2,2334
422,11,Familieboliger,Lejlighed,3,2132
422,11,Familieboliger,Lejlighed,4,3638
422,11,Familieboliger,Lejlighed,5,1282
423,11,Familieboliger,Lejlighed,1,2215
423,11,Familieboliger,Lejlighed,2,5336
423,11,Familieboliger,Lejlighed,3,5052
423,11,Familieboliger,Lejlighed,4,3326
424,11,Familieboliger,Rækkehus,4,2616
424,11,Familieboliger,Rækkehus,5,1998
425,11,Familieboliger,Værelser,1,501
425,11,Familieboliger,Rækkehus,2,1117
425,11,Familieboliger,Rækkehus,3,1468
425,11,Familieboliger,Rækkehus,4,1093
425,11,Familieboliger,Rækkehus,5,764
426,11,Familieboliger,Lejlighed,2,1539
426,11,Familieboliger,Lejlighed,3,1169
426,11,Familieboliger,Lejlighed,4,1470
427,11,Familieboliger,Lejlighed,2,1380
427,11,Familieboliger,Lejlighed,3,1415
428,11,Familieboliger,Seniorboliger,1,146
428,11,Familieboliger,Seniorboliger,2,200
428,11,Familieboliger,Rækkehus,3,762
429,11,Familieboliger,Lejlighed,2,1004
429,11,Familieboliger,Lejlighed,3,975
429,11,Familieboliger,Lejlighed,4,681
431,11,Familieboliger,Lejlighed,2,554
431,11,Familieboliger,Seniorboliger,2,233
431,11,Familieboliger,Lejlighed,3,1398
431,11,Familieboliger,Seniorboliger,3,292
431,11,Familieboliger,Lejlighed,4,473
432,11,Familieboliger,Rækkehus,2,391
432,11,Familieboliger,Seniorboliger,2,167
432,11,Familieboliger,Rækkehus,3,670
432,11,Familieboliger,Seniorboliger,3,231
433,11,Familieboliger,Lejlighed,2,5848
433,11,Familieboliger,Lejlighed,3,15198
433,11,Familieboliger,Lejlighed,4,16500
433,11,Familieboliger,Lejlighed,5,3674
433,11,Familieboliger,Lejlighed,6,1133
435,11,Familieboliger,Lejlighed,2,1613
435,11,Familieboliger,Lejlighed,3,7086
435,11,Familieboliger,Rækkehus,3,5584
435,11,Familieboliger,Rækkehus,4,2092
437,11,Familieboliger,Seniorboliger,2,218
437,11,Familieboliger,Seniorboliger,3,238
438,11,Familieboliger,Rækkehus,3,265
438,11,Familieboliger,Rækkehus,4,270
438,11,Familieboliger,Rækkehus,5,187
439,11,Familieboliger,Rækkehus,5,2914
440,11,Familieboliger,Lejlighed,1,2260
440,11,Familieboliger,Lejlighed,2,3977
440,11,Familieboliger,Lejlighed,3,3935
440,11,Familieboliger,Lejlighed,4,2998
440,11,Familieboliger,Lejlighed,5,1282
440,11,Familieboliger,Lejlighed,6,850
441,11,Familieboliger,Lejlighed,1,2514
441,11,Familieboliger,Lejlighed,2,3739
441,11,Familieboliger,Lejlighed,3,5101
441,11,Familieboliger,Lejlighed,4,2545
442,11,Familieboliger,Lejlighed,1,2698
442,11,Familieboliger,Lejlighed,2,4126
442,11,Familieboliger,Lejlighed,3,4241
442,11,Familieboliger,Lejlighed,4,1749
443,11,Familieboliger,Lejlighed,3,2684
443,11,Familieboliger,Lejlighed,4,1621
444,11,Familieboliger,Seniorboliger,2,418
444,11,Familieboliger,Seniorboliger,3,658
